[
  { "value": "Afghanistan" },
  { "value": "Albania" },
  { "value": "Algeria" },
  { "value": "American Samoa" },
  { "value": "Antarctica" },
  { "value": "Antigua and Barbuda" },
  { "value": "Argentina" },
  { "value": "Armenia" },
  { "value": "Aruba" },
  { "value": "Australia" },
  { "value": "Austria" },
  { "value": "Azerbaijan" },
  { "value": "Bahamas" },
  { "value": "Bhutan" },
  { "value": "Bolivia" },
  { "value": "Bosnia and Herzegovina" },
  { "value": "Botswana" },
  { "value": "Bouvet Island" },
  { "value": "Brazil" },
  { "value": "British Indian Ocean Territory" },
  { "value": "Brunei" },
  { "value": "Bulgaria" },
  { "value": "Burkina Faso" },
  { "value": "Burundi" },
  { "value": "Cambodia" },
  { "value": "Cameroon" },
  { "value": "Canada" },
  { "value": "Cape Verde" },
  { "value": "Cayman Islands" },
  { "value": "Central African Republic" },
  { "value": "Chad" },
  { "value": "Chile" },
  { "value": "Cook Islands" },
  { "value": "Costa Rica" },
  { "value": "Ivory Coast" },
  { "value": "Croatia" },
  { "value": "Cuba" },
  { "value": "Cyprus" },
  { "value": "Czech Republic" },
  { "value": "Denmark" },
  { "value": "Djibouti" },
  { "value": "Dominica" },
  { "value": "Dominican Republic" },
  { "value": "East Timor" },
  { "value": "Ecuador" },
  { "value": "Egypt" },
  { "value": "England" },
  { "value": "El Salvador" },
  { "value": "Equatorial Guinea" },
  { "value": "Eritrea" },
  { "value": "Estonia" },
  { "value": "Ethiopia" },
  { "value": "Falkland Islands" },
  { "value": "Faroe Islands" },
  { "value": "Fiji Islands" },
  { "value": "Finland" },
  { "value": "France" },
  { "value": "French Guiana" },
  { "value": "French Polynesia" },
  { "value": "Germany" },
  { "value": "Ghana" },
  { "value": "Gibraltar" },
  { "value": "Greece" },
  { "value": "Greenland" },
  { "value": "Grenada" },
  { "value": "Guadeloupe" },
  { "value": "Guatemala" },
  { "value": "Guinea" },
  { "value": "Guyana" },
  { "value": "Hong Kong" },
  { "value": "Hungary" },
  { "value": "Iceland" },
  { "value": "India" },
  { "value": "Indonesia" },
  { "value": "Iran" },
  { "value": "Iraq" },
  { "value": "Ireland" },
  { "value": "Israel" },
  { "value": "Italy" },
  { "value": "Jamaica" },
  { "value": "Japan" },
  { "value": "Jordan" },
  { "value": "Kazakstan" },
  { "value": "Kenya" },
  { "value": "Kiribati" },
  { "value": "Kuwait" },
  { "value": "Kyrgyzstan" },
  { "value": "Laos" },
  { "value": "Latvia" },
  { "value": "Lebanon" },
  { "value": "Lesotho" },
  { "value": "Liberia" },
  { "value": "Libyan Arab Jamahiriya" },
  { "value": "Liechtenstein" },
  { "value": "Lithuania" },
  { "value": "Luxembourg" },
  { "value": "Macao" },
  { "value": "Macedonia" },
  { "value": "Madagascar" },
  { "value": "Malawi" },
  { "value": "Malaysia" },
  { "value": "Maldives" },
  { "value": "Mali" },
  { "value": "Malta" },
  { "value": "Marshall Islands" },
  { "value": "Martinique" },
  { "value": "Mauritania" },
  { "value": "Mauritius" },
  { "value": "Mayotte" },
  { "value": "Mexico" },
  { "value": "Micronesia, Federated States of" },
  { "value": "Moldova" },
  { "value": "Monaco" },
  { "value": "Montserrat" },
  { "value": "Morocco" },
  { "value": "Mozambique" },
  { "value": "Namibia" },
  { "value": "Nauru" },
  { "value": "Nepal" },
  { "value": "Netherlands" },
  { "value": "New Caledonia" },
  { "value": "New Zealand" },
  { "value": "Nicaragua" },
  { "value": "Niger" },
  { "value": "Nigeria" },
  { "value": "Niue" },
  { "value": "Norfolk Island" },
  { "value": "North Korea" },
  { "value": "Northern Ireland" },
  { "value": "Northern Mariana Islands" },
  { "value": "Norway" },
  { "value": "Oman" },
  { "value": "Pakistan" },
  { "value": "Palestine" },
  { "value": "Panama" },
  { "value": "Paraguay" },
  { "value": "Peru" },
  { "value": "Philippines" },
  { "value": "Pitcairn" },
  { "value": "Poland" },
  { "value": "Portugal" },
  { "value": "Puerto Rico" },
  { "value": "Qatar" },
  { "value": "Russian Federation" },
  { "value": "Rwanda" },
  { "value": "Saint Helena" },
  { "value": "Saint Lucia" },
  { "value": "Samoa" },
  { "value": "San Marino" },
  { "value": "Sao Tome and Principe" },
  { "value": "Saudi Arabia" },
  { "value": "Scotland" },
  { "value": "Senegal" },
  { "value": "Seychelles" },
  { "value": "Sierra Leone" },
  { "value": "Singapore" },
  { "value": "Slovakia" },
  { "value": "Slovenia" },
  { "value": "Somalia" },
  { "value": "South Africa" },
  { "value": "South Korea" },
  { "value": "South Sudan" },
  { "value": "Spain" },
  { "value": "SriLanka" },
  { "value": "Sudan" },
  { "value": "Suriname" },
  { "value": "Swaziland" },
  { "value": "Sweden" },
  { "value": "Switzerland" },
  { "value": "Syria" },
  { "value": "Tajikistan" },
  { "value": "Tanzania" },
  { "value": "Thailand" },
  { "value": "Tonga" },
  { "value": "Trinidad and Tobago" },
  { "value": "Tunisia" },
  { "value": "Turkey" },
  { "value": "Turkmenistan" },
  { "value": "Tuvalu" },
  { "value": "Uganda" },
  { "value": "Ukraine" },
  { "value": "United Kingdom" },
  { "value": "United States" },
  { "value": "Uruguay" },
  { "value": "Vanuatu" },
  { "value": "Venezuela" },
  { "value": "Virgin Islands, British" },
  { "value": "Wales" },
  { "value": "Yugoslavia" },
  { "value": "Zambia" },
  { "value": "Zimbabwe" }
]
