[
  {
    "img": "/content/department-1.jpg",
    "title": "Cardiology",
    "desc": "Lorem ipsum dolor sit amet, consectetur adipisicing elit. Distinctio dolore enim, nemo nihil non omnis temporibus? Blanditiis culpa labore velit.",
    "team": [
      "/content/doctor-400-1.jpg",
      "/content/doctor-400-2.jpg",
      "/content/doctor-400-3.jpg"
    ]
  },
  {
    "img": "/content/department-2.jpg",
    "title": "Dentistry",
    "desc": "Lorem ipsum dolor sit amet, consectetur adipisicing elit. Distinctio dolore enim, nemo nihil non omnis temporibus? Blanditiis culpa labore velit.",
    "team": [
      "/content/doctor-400-4.jpg",
      "/content/doctor-400-5.jpg",
      "/content/doctor-400-6.jpg",
      "/content/doctor-400-7.jpg"
    ]
  },
  {
    "img": "/content/department-3.jpg",
    "title": "Laboratory",
    "desc": "Lorem ipsum dolor sit amet, consectetur adipisicing elit. Distinctio dolore enim, nemo nihil non omnis temporibus? Blanditiis culpa labore velit.",
    "team": [
      "/content/doctor-400-8.jpg",
      "/content/doctor-400-9.jpg"
    ]
  },
  {
    "img": "/content/department-4.jpg",
    "title": "Pulmonology",
    "desc": "Lorem ipsum dolor sit amet, consectetur adipisicing elit. Distinctio dolore enim, nemo nihil non omnis temporibus? Blanditiis culpa labore velit.",
    "team": [
      "/content/doctor-400-5.jpg",
      "/content/doctor-400-8.jpg",
      "/content/doctor-400-4.jpg"
    ]
  },
  {
    "img": "/content/department-5.jpg",
    "title": "Gynecology",
    "desc": "Lorem ipsum dolor sit amet, consectetur adipisicing elit. Distinctio dolore enim, nemo nihil non omnis temporibus? Blanditiis culpa labore velit.",
    "team": [
      "/content/doctor-400-1.jpg",
      "/content/doctor-400-3.jpg",
      "/content/doctor-400-6.jpg"
    ]
  },
  {
    "img": "/content/department-6.jpg",
    "title": "Gastrology",
    "desc": "Lorem ipsum dolor sit amet, consectetur adipisicing elit. Distinctio dolore enim, nemo nihil non omnis temporibus? Blanditiis culpa labore velit.",
    "team": [
      "/content/doctor-400-7.jpg",
      "/content/doctor-400-9.jpg",
      "/content/doctor-400-3.jpg",
      "/content/doctor-400-4.jpg"
    ]
  },{
  "img": "/content/department-7.jpg",
  "title": "Neurology",
  "desc": "Lorem ipsum dolor sit amet, consectetur adipisicing elit. Distinctio dolore enim, nemo nihil non omnis temporibus? Blanditiis culpa labore velit.",
  "team": [
    "/content/doctor-400-1.jpg",
    "/content/doctor-400-5.jpg",
    "/content/doctor-400-6.jpg"
  ]
},
  {
    "img": "/content/department-8.jpg",
    "title": "Physical rehabilitation",
    "desc": "Lorem ipsum dolor sit amet, consectetur adipisicing elit. Distinctio dolore enim, nemo nihil non omnis temporibus? Blanditiis culpa labore velit.",
    "team": [
      "/content/doctor-400-8.jpg",
      "/content/doctor-400-7.jpg",
      "/content/doctor-400-3.jpg"
    ]
  },
  {
    "img": "/content/department-9.jpg",
    "title": "Pediatrician",
    "desc": "Lorem ipsum dolor sit amet, consectetur adipisicing elit. Distinctio dolore enim, nemo nihil non omnis temporibus? Blanditiis culpa labore velit.",
    "team": [
      "/content/doctor-400-5.jpg",
      "/content/doctor-400-9.jpg",
      "/content/doctor-400-2.jpg"
    ]
  }
]
