[
  { "value": "Addiction psychiatrist" },
  { "value": "Adolescent medicine specialist" },
  { "value": "Allergist (immunologist)" },
  { "value": "Anesthesiologist" },
  { "value": "Cardiac electrophysiologist" },
  { "value": "Cardiologist" },
  { "value": "Cardiovascular surgeon" },
  { "value": "Colon and rectal surgeon" },
  { "value": "Critical care medicine specialist" },
  { "value": "Dermatologist" },
  { "value": "Developmental pediatrician" },
  { "value": "Emergency medicine specialist" },
  { "value": "Endocrinologist" },
  { "value": "Family medicine physician" },
  { "value": "Forensic pathologist" },
  { "value": "Gastroenterologist" },
  { "value": "Geriatric medicine specialist" },
  { "value": "Gynecologist" },
  { "value": "Gynecologic oncologist" },
  { "value": "Hand surgeon" },
  { "value": "Hematologist" },
  { "value": "Hepatologist" },
  { "value": "Hospitalist" },
  { "value": "Hospice and palliative medicine specialist" },
  { "value": "Hyperbaric physician" },
  { "value": "Infectious disease specialist" },
  { "value": "Internist" },
  { "value": "Interventional cardiologist" },
  { "value": "Medical examiner" },
  { "value": "Medical geneticist" },
  { "value": "Neonatologist" },
  { "value": "Nephrologist" },
  { "value": "Neurological surgeon" },
  { "value": "Neurologist" },
  { "value": "Nuclear medicine specialist" },
  { "value": "Obstetrician" },
  { "value": "Occupational medicine specialist" },
  { "value": "Oncologist" },
  { "value": "Ophthalmologist" },
  { "value": "Oral surgeon (maxillofacial surgeon)" },
  { "value": "Orthopedic surgeon" },
  { "value": "Otolaryngologist (ear, nose, and throat specialist)" },
  { "value": "Pain management specialist" },
  { "value": "Pathologist" },
  { "value": "Pediatrician" },
  { "value": "Perinatologist" },
  { "value": "Physiatrist" },
  { "value": "Plastic surgeon" },
  { "value": "Psychiatrist" },
  { "value": "Pulmonologist" },
  { "value": "Radiation oncologist" },
  { "value": "Radiologist" },
  { "value": "Reproductive endocrinologist" },
  { "value": "Rheumatologist" },
  { "value": "Sleep disorders specialist" },
  { "value": "Spinal cord injury specialist" },
  { "value": "Sports medicine specialist" },
  { "value": "Surgeon" },
  { "value": "Thoracic surgeon" },
  { "value": "Urologist" },
  { "value": "Vascular surgeon" }
]
