[
  {
    "icon": "icofont-brand-acer",
    "date": "18 Feb 2019",
    "recipient": "Priya Patel",
    "status": "Paid",
    "amount": "155$"
  },
  {
    "icon": "icofont-brand-cannon",
    "date": "17 Feb 2019",
    "recipient": "Mayank Jani",
    "status": "Un-Paid",
    "amount": "121$"
  },
  {
    "icon": "icofont-brand-casio",
    "date": "17 Feb 2019",
    "recipient": "Jenish Shah",
    "status": "Paid",
    "amount": "70$"
  },
  {
    "icon": "icofont-brand-cocal-cola",
    "date": "16 Feb 2019",
    "recipient": "Jayna Sharma",
    "status": "Scheduled",
    "amount": "45$"
  },
  {
    "icon": "icofont-brand-dell",
    "date": "15 Feb 2019",
    "recipient": "Sonali Malik",
    "status": "Paid",
    "amount": "120$"
  },
  {
    "icon": "icofont-brand-ebay",
    "date": "13 Feb 2019",
    "recipient": "Mayank Jani",
    "status": "Paid",
    "amount": "25$"
  },
  {
    "icon": "icofont-brand-fujitsu",
    "date": "13 Feb 2019",
    "recipient": "Pooja Patel",
    "status": "Paid",
    "amount": "320$"
  },
  {
    "icon": "icofont-brand-gillette",
    "date": "12 Feb 2019",
    "recipient": "Pooja Patel",
    "status": "Un-Paid",
    "amount": "124$"
  },
  {
    "icon": "icofont-brand-google",
    "date": "11 Feb 2019",
    "recipient": "Lori Perkins",
    "status": "Scheduled",
    "amount": "200$"
  },
  {
    "icon": "icofont-brand-intel",
    "date": "10 Feb 2019",
    "recipient": "Megha Trivedi",
    "status": "Paid",
    "amount": "125$"
  },
  {
    "icon": "icofont-brand-lego",
    "date": "9 Feb 2019",
    "recipient": "Pooja Patel",
    "status": "Paid",
    "amount": "123$"
  },
  {
    "icon": "icofont-brand-nestle",
    "date": "8 Feb 2019",
    "recipient": "Sofia Smitt",
    "status": "Un-Paid",
    "amount": "100$"
  },
  {
    "icon": "icofont-brand-nokia",
    "date": "8 Feb 2019",
    "recipient": "Gregor Mann",
    "status": "Paid",
    "amount": "50$"
  },
  {
    "icon": "icofont-brand-paypal",
    "date": "8 Feb 2019",
    "recipient": "Megha Trivedi",
    "status": "Paid",
    "amount": "30$"
  },
  {
    "icon": "icofont-brand-sony",
    "date": "6 Feb 2019",
    "recipient": "Tom Callahan",
    "status": "Scheduled",
    "amount": "42$"
  },
  {
    "icon": "icofont-brand-vaio",
    "date": "5 Feb 2019",
    "recipient": "Sasha Dey",
    "status": "Paid",
    "amount": "17$"
  },
  {
    "icon": "icofont-brand-siemens",
    "date": "5 Feb 2019",
    "recipient": "Sasha Dey",
    "status": "Scheduled",
    "amount": "26$"
  },
  {
    "icon": "icofont-brand-nescafe",
    "date": "4 Feb 2019",
    "recipient": "Peter Outs",
    "status": "Paid",
    "amount": "26$"
  },
  {
    "icon": "icofont-brand-netflix",
    "date": "3 Feb 2019",
    "recipient": "Pooja Patel",
    "status": "Paid",
    "amount": "132$"
  },
  {
    "icon": "icofont-brand-hulu",
    "date": "2 Feb 2019",
    "recipient": "Jacob Ryan",
    "status": "Un-Paid",
    "amount": "70$"
  }
]
