[
  {
    "title": "Sara Crouch liked your photo",
    "date": "17 minutes ago",
    "icon": "icofont-heart"
  },
  {
    "title": "New user registered",
    "date": "23 minutes ago",
    "icon": "icofont-users-alt-6"
  },
  {
    "title": "Amanda Lie shared your post",
    "date": "25 minutes ago",
    "icon": "icofont-share"
  },
  {
    "title": "New user registered",
    "date": "32 minutes ago",
    "icon": "icofont-users-alt-6"
  },
  {
    "title": "You have a new message",
    "date": "58 minutes ago",
    "icon": "icofont-ui-message"
  }
]
